{
    "projects": {
      "REAL": [
        "common-parent",
        "common-installer",
        "common-tomcat",
        "common-features-support",
        "common-selenium2-support",
        "realize-rumba-client",
        "common-rumba-simulator",
        "pearson-common",
        "event-tracker",
        "opened-client",
        "snsclient",
        "lrs-event-producer",
        "paf-client",
        "common-paf-simulator",
        "common-knewton-simulator",
        "common-k12rs-simulator",
        "common-lti-qa-simulator",
        "online-learning-exchange-product-parent",
        "mastery-notification",
        "skills-and-standards-service",
        "rustici-scorm",
        "test-nav-client",
        "common-pearson-oauth2",
        "assessment-service",
        "assignment-service",
        "knewton-client",
        "common-rumba-course-services",
        "heartbeat-service",
        "online-learning-exchange-webapp",
        "common-dbdeploy",
        "common-healthcheck",
        "online-learning-exchange-simulator",
        "online-learning-exchange-rumba-simulator-overlay",
        "online-learning-exchange-server-install-package",
        "online-learning-exchange-features",
        "online-learning-exchange-config",
        "manage-jenkins-jobs",
        "content-service",
        "userprofile-service",
        "common-externalmapping-service",
        "discussion-service",
        "prelogin-static-realize",
        "prelogin-static-texas",
        "scope-and-sequence-import",
        "eps-app",
        "eps-schema"
        ],
      "LSTDEV": [
        "content-service-deployment",
        "externalmapping-service-deployment",
        "tn8-deployment",
        "userprofile-service-deployment",
        "ccci-service-deployment",
        "openlrs-deployment",
        "notebook-service-deployment",
        "discussion-service-deployment",
        "externalmapping-service-deployment",
        "feature-management-service-deployment",
        "goldengate-content-service-deployment",
        "registry-service-deployment",
        "rr-sapi-service-deployment",
        "content-delivery-service-deployment",
        "rubric-service-deployment"
      ],
      "NB": [
        "notebook-service"
      ],
      "CCCI": [
        "ccci-common",
        "ccci-elasticsearch",
        "ccci-ingestion",
        "ccci-query",
        "ccci-service",
        "ccci-utils",
        "csg-to-ccci-migration",
        "primary-sco-poc"
      ],
      "LCC": [
        "openlrs"
      ],
      "LSTET":[
        "registry-service",
        "golden-gate",
        "goldengate-content",
        "missionbay"
      ],
      "RBS": [
        "annotation-service",
        "book-service",
        "class-sync-service",
        "class-sync-webapp",
        "content-delivery-service",
        "common-cache-redis",
        "common-prospero-service",
        "common-roster-service",
        "common-self-registration-service",
        "database-self-registration-service",
        "ls-auth-service",
        "org-service",
        "rbs-bootstrap",
        "rbs-common-auth-client-java",
        "rbs-common-auth-client-java-webflux",
        "rbs-documentation",
        "rbs-sqe-automation",
        "roster-service",
        "rubrics-service",
        "self-registration-service",
        "validation-service",
        "feature-management-service",
        "content-packaging-service"
      ],
      "RR": [
        "rr-auth-gateway",
        "rr-mobile-swift",
        "rr-web-chrome"
      ],
      "SCOUT": [
        "scout-pwa"
      ],
      "ESB": [
        "easybridge-aggregation",
        "easybridge-aggregation-service",
        "easybridge-web"
      ]
    }
}
